    วันที่    ,Institute,Foreign,Retail,Set Index,Set Change
21/7/2026,-327.24,-472.02,534.57,1652.97,6.97
20/7/2026,-280.42,1819.03,-2015.91,1646.00,6.96
17/7/2026,-646.48,5152.86,-4506.38,1639.04,3.75
16/7/2026,158.08,3405.83,-3563.91,1635.29,5.08
15/7/2026,1438.06,978.41,-2416.48,1630.21,4.18
14/7/2026,-3147.28,3991.98,-844.69,1626.03,-1.87
13/7/2026,-860.95,147.83,713.12,1627.90,6.35
10/7/2026,2688.65,2080.73,-4769.38,1621.55,13.25
9/7/2026,-902.79,8634.39,-7731.61,1608.30,32.05
8/7/2026,-4334.36,3225.64,1108.72,1576.25,-27.88
7/7/2026,-5343.80,1054.38,4289.42,1604.13,-12.75
6/7/2026,-1134.62,735.38,399.24,1616.88,5.60
3/7/2026,490.53,5782.12,-6272.65,1611.28,17.72
2/7/2026,-1072.20,8560.06,-7487.86,1593.56,5.33
1/7/2026,-973.58,-1592.02,2565.61,1588.23,-3.01
30/6/2026,234.48,5745.44,-5979.92,1591.24,13.43
29/6/2026,-925.71,7599.48,-6673.77,1577.81,35.47
26/6/2026,-1807.95,1347.18,460.77,1542.34,-16.21
25/6/2026,-1722.70,660.93,1061.77,1558.55,10.33
24/6/2026,825.58,29.07,-854.64,1548.22,7.32
23/6/2026,3591.51,-14809.60,11218.10,1540.90,-33.23
22/6/2026,-2133.44,2567.54,-434.10,1574.13,1.63
19/6/2026,581.15,-3779.01,3197.86,1572.50,-12.56
18/6/2026,385.13,2056.62,-2441.75,1585.06,-2.01
17/6/2026,250.34,933.34,-1183.67,1587.07,-0.98
16/6/2026,1353.01,630.24,-1983.24,1588.05,-3.67
15/6/2026,9418.97,-335.52,-9083.46,1591.72,-0.69
14/6/2026,505.88,4476.90,-4982.78,1592.41,20.09
13/6/2026,-1390.74,-56.37,1447.11,1572.32,8.73
10/6/2026,-1876.68,-1899.87,3776.55,1563.59,-20.55
9/6/2026,-1157.94,-579.32,1737.27,1584.14,22.46
8/6/2026,-3116.11,-3497.90,6614.01,1561.68,-20.92
5/6/2026,-287.79,-1357.06,1644.86,1582.60,-12.19
4/6/2026,600.58,-1473.52,872.94,1594.79,6.73
2/6/2026,574.74,8597.82,-9172.56,1588.06,19.69
29/5/2026,-941.62,-1579.38,2521.00,1568.37,-0.60
28/5/2026,-1544.38,-2209.02,3753.40,1568.97,-1.98
27/5/2026,-1274.70,2597.39,-1322.69,1570.95,17.59
26/5/2026,-349.53,1533.35,-1183.82,1553.36,3.03
25/5/2026,1004.66,-872.92,-131.74,1550.33,11.66
22/5/2026,1024.43,639.66,-1664.10,1538.67,6.00
21/5/2026,2086.14,-3332.91,1246.77,1532.67,4.24
20/5/2026,854.26,-262.48,-591.78,1528.43,11.74
19/5/2026,216.20,-1231.52,1015.32,1516.69,-1.05
18/5/2026,-1615.87,1149.44,466.42,1517.74,-0.21
15/5/2026,-298.69,-728.63,1027.32,1517.95,-21.17
14/5/2026,3059.69,2864.90,-5924.59,1539.12,21.86
13/5/2026,-47.69,3307.63,-3259.95,1517.26,33.70
12/5/2026,-3735.61,1753.44,1982.18,1483.56,-5.73
11/5/2026,-5733.91,1965.12,3768.79,1489.29,-11.07
8/5/2026,-722.15,-1674.76,2396.91,1500.36,-7.17
7/5/2026,28.63,-2703.45,2674.83,1507.53,-9.38
6/5/2026,4182.60,-131.09,-4051.52,1516.91,26.81
5/5/2026,-5180.12,2474.59,2705.53,1490.10,-3.59
30/4/2026,892.14,228.43,-1120.57,1493.69,1.95
29/4/2026,1431.81,2060.53,-3492.34,1491.74,11.54
28/4/2026,155.17,-2062.34,1907.17,1480.20,1.07
27/4/2026,811.41,271.07,-1082.48,1479.13,23.03
24/4/2026,-1374.39,-1301.90,2676.30,1456.10,-5.25
23/4/2026,-3855.82,-3062.59,6918.42,1461.35,-18.39
22/4/2026,-524.42,1836.47,-1312.05,1479.74,-3.76
21/4/2026,2217.37,-2841.87,624.50,1483.50,1.65
20/4/2026,-1654.83,-1789.55,3444.38,1481.85,-0.60
17/4/2026,-1826.36,-4112.11,5938.48,1482.45,-7.28
16/4/2026,-262.00,-3190.95,3452.94,1489.73,-17.11
10/4/2026,-1254.25,1907.35,-653.10,1506.84,17.18
9/4/2026,-2235.57,-19.27,2254.84,1489.66,4.63
8/4/2026,1766.47,2700.20,-4466.67,1485.03,20.60
7/4/2026,-43.17,2730.77,-2687.60,1464.43,10.43
3/4/2026,-1697.34,-1853.15,3550.49,1454.00,-11.72
2/4/2026,-2176.88,2060.42,116.45,1465.72,-5.27
1/4/2026,896.59,4009.57,-4906.15,1470.99,22.85
31/3/2026,2490.48,-3993.99,1503.50,1448.14,-1.48
30/3/2026,175.68,-933.80,758.12,1449.62,2.57
27/3/2026,-1476.00,3300.29,-1824.29,1447.05,4.13
26/3/2026,257.75,-481.09,223.34,1442.92,-14.99
25/3/2026,2070.91,4830.66,-6901.57,1457.91,47.52
24/3/2026,1211.87,618.19,-1830.06,1410.39,13.05
23/3/2026,-2708.47,-6257.21,8965.68,1397.34,-35.65
20/3/2026,357.98,898.75,-1256.74,1432.99,15.54
19/3/2026,-3568.68,198.76,3369.93,1417.45,-23.40
18/3/2026,39.12,-1572.82,1533.70,1440.85,6.97
17/3/2026,2890.01,2431.26,-5321.28,1433.88,28.86
16/3/2026,270.21,-5171.73,4901.52,1405.02,-4.33
13/3/2026,875.99,-4870.02,3994.02,1409.35,-20.45
12/3/2026,2926.56,-2421.79,-504.77,1429.80,22.46
11/3/2026,1288.73,-2697.51,1408.78,1407.34,1.58
10/3/2026,4250.31,-8275.28,4024.97,1405.76,22.79
9/3/2026,-3531.25,-1771.38,5302.63,1382.97,-27.40
8/3/2026,1908.38,-6629.26,4720.88,1410.37,-6.92
5/3/2026,1437.96,-7208.23,5770.27,1417.29,32.68
4/3/2026,-14987.70,1023.24,13964.40,1384.61,-81.90
2/3/2026,-7619.66,-656.51,8276.17,1466.51,-61.75
1/3/2026,-3177.20,968.18,2209.02,1528.26,-5.38
26/2/2026,-1626.94,1342.05,284.89,1533.64,17.63
25/2/2026,1302.62,-2324.09,1021.46,1516.01,25.61
24/2/2026,-2229.37,2131.01,98.36,1490.40,10.16
23/2/2026,-1417.32,-718.60,2135.91,1480.24,0.53
20/2/2026,-2277.91,644.68,1633.24,1479.71,-14.20
19/2/2026,1037.87,4872.65,-5910.52,1493.91,27.24
18/2/2026,-274.03,2023.66,-1749.62,1466.67,6.99
17/2/2026,1467.17,3305.36,-4772.54,1459.68,21.59
16/2/2026,-2940.01,194.95,2745.06,1438.09,7.68
13/2/2026,1197.85,-1417.26,219.41,1430.41,-11.12
12/2/2026,267.85,10518.10,-10785.90,1441.53,29.83
11/2/2026,-2062.90,1085.48,977.42,1411.70,1.26
10/2/2026,-1239.26,4791.56,-3552.30,1410.44,9.55
9/2/2026,7777.77,16535.10,-24312.90,1400.89,46.88
6/2/2026,-1963.62,2949.65,-986.04,1354.01,7.78
5/2/2026,-1435.37,4151.97,-2716.60,1346.23,-0.31
4/2/2026,-606.70,2163.47,-1556.77,1346.54,10.43
3/2/2026,1722.45,1550.68,-3273.13,1336.11,14.69
2/2/2026,-1609.47,-297.33,1906.80,1321.42,-4.20
30/1/2026,-236.23,-877.73,1113.96,1325.62,-5.45
29/1/2026,-1633.00,-2567.93,4200.93,1331.07,-7.83
28/1/2026,-1101.51,458.88,642.63,1338.90,4.45
27/1/2026,-438.21,4493.94,-4055.74,1334.45,27.38
26/1/2026,-1633.01,-1270.70,2903.70,1307.07,-7.32
23/1/2026,-2509.32,-1125.96,3635.27,1314.39,2.75
22/1/2026,-3991.21,-234.06,4225.27,1311.64,-5.92
21/1/2026,-1146.75,-2016.54,3163.28,1317.56,21.19
20/1/2026,976.24,3660.39,-4636.63,1296.37,13.17
19/1/2026,288.91,1064.32,-1353.23,1283.20,7.60
16/1/2026,-213.76,3355.84,-3142.08,1275.60,14.21
15/1/2026,-479.79,2636.83,-2157.04,1261.39,17.09
14/1/2026,-1794.41,2376.27,-581.87,1244.30,9.00
13/1/2026,-1845.54,-565.86,2411.40,1235.30,-6.90
12/1/2026,-3194.29,-226.40,3420.70,1242.20,-11.89
9/1/2026,-776.75,-1668.39,2445.13,1254.09,0.49
8/1/2026,-364.97,-3771.44,4136.42,1253.60,-27.22
7/1/2026,-1184.90,480.31,704.59,1280.82,6.07
6/1/2026,126.79,-2218.20,2091.41,1274.75,-5.30
5/1/2026,778.75,2371.54,-3150.29,1280.05,20.38
30/12/2025,191.60,-48.57,-143.03,1259.67,5.64
29/12/2025,-1599.11,-608.82,2207.93,1254.03,-5.22
26/12/2025,-97.83,-1124.30,1222.14,1259.25,-5.52
25/12/2025,-580.99,-786.55,1367.55,1264.77,-10.56
24/12/2025,-688.53,1341.57,-653.03,1275.33,4.22
23/12/2025,-407.40,1856.96,-1449.57,1271.11,1.43
22/12/2025,-13.04,757.42,-744.37,1269.68,17.49
19/12/2025,306.07,83.60,-389.66,1252.19,2.12
18/12/2025,-558.67,1600.49,-1041.82,1250.07,-6.78
17/12/2025,-262.16,-1166.92,1429.07,1256.85,-3.83
16/12/2025,74.99,-344.29,269.30,1260.68,-12.72
15/12/2025,-41.49,1093.39,-1051.91,1273.40,19.30
12/12/2025,-765.78,-1278.95,2044.73,1254.10,0.56
11/12/2025,-918.57,-888.76,1807.33,1253.54,-16.33
9/12/2025,-2120.56,911.33,1209.22,1269.87,8.48
8/12/2025,-1896.50,1023.68,872.82,1261.39,-12.38
4/12/2025,-2119.18,1428.79,690.40,1273.77,-1.05
3/12/2025,396.13,228.70,-624.83,1274.82,-2.76
2/12/2025,-522.82,735.00,-212.18,1277.58,1.01
1/12/2025,1038.88,1239.14,-2278.03,1276.57,19.88
28/11/2025,1059.31,-1170.89,111.58,1256.69,3.98
27/11/2025,-419.82,-874.31,1294.14,1252.71,-8.47
26/11/2025,-1131.71,495.77,635.94,1261.18,-7.60
25/11/2025,943.45,1565.52,-2508.97,1268.78,16.05
24/11/2025,-116.82,-1134.79,1251.61,1252.73,-1.67
21/11/2025,-1619.15,-3186.47,4805.62,1254.40,-27.41
20/11/2025,379.41,357.68,-737.09,1281.81,9.64
19/11/2025,-475.43,-1454.74,1930.17,1272.17,2.13
18/11/2025,-656.42,-934.95,1591.37,1270.04,-10.03
17/11/2025,80.15,1703.80,-1783.94,1280.07,10.81
14/11/2025,-1697.60,-1662.55,3360.15,1269.26,-18.18
13/11/2025,-612.67,-43.08,655.76,1287.44,2.63
12/11/2025,-2165.08,-1386.08,3551.17,1284.81,-15.66
11/11/2025,1118.39,-2438.65,1320.25,1300.47,-5.79
10/11/2025,760.46,-1058.38,297.92,1306.26,3.35
7/11/2025,393.88,-2717.02,2323.14,1302.91,-10.40
6/11/2025,832.49,-825.26,-7.23,1313.31,18.02
5/11/2025,-1450.08,2496.02,-1045.94,1295.29,-3.31
4/11/2025,-1587.51,-867.73,2455.25,1298.60,-10.26
3/11/2025,-2096.58,648.68,1447.89,1308.86,-0.64
31/10/2025,-1795.03,-537.64,2332.67,1309.50,-5.15
30/10/2025,-923.49,486.12,437.37,1314.65,-0.99
29/10/2025,-1442.40,-830.20,2272.60,1315.64,1.36
28/10/2025,-1452.14,-1861.52,3313.66,1314.28,-9.24
27/10/2025,-417.31,-2302.16,2719.47,1323.52,9.61
24/10/2025,-210.35,2237.81,-2027.46,1313.91,11.56
22/10/2025,85.30,4097.05,-4182.35,1302.35,11.63
21/10/2025,71.37,1368.94,-1440.32,1290.72,6.25
20/10/2025,909.04,73.22,-982.26,1284.47,9.86
17/10/2025,-541.09,-2097.73,2638.83,1274.61,-16.85
16/10/2025,1114.20,-2003.83,889.62,1291.46,4.77
15/10/2025,1583.50,1801.42,-3384.93,1286.69,20.31
14/10/2025,-1772.13,-2885.95,4658.07,1266.38,-20.60
10/10/2025,159.60,-1678.10,1518.50,1286.98,-27.01
9/10/2025,-181.22,-434.10,615.33,1313.99,9.07
8/10/2025,-699.27,-333.34,1032.62,1304.92,-0.32
7/10/2025,137.00,1329.57,-1466.56,1305.24,19.60
6/10/2025,-1606.45,-1402.64,3009.10,1285.64,-7.97
3/10/2025,139.00,-623.50,484.50,1293.61,5.32
2/10/2025,-664.28,-178.44,842.72,1288.29,13.26
1/10/2025,-1522.91,1386.72,136.20,1275.03,0.86
30/9/2025,136.84,-3776.54,3639.70,1274.17,-13.90
29/9/2025,1212.42,-342.59,-869.83,1288.07,9.33
26/9/2025,460.74,-914.33,453.60,1278.74,-9.52
25/9/2025,649.33,840.57,-1489.90,1288.26,9.85
24/9/2025,-2727.11,1326.54,1400.57,1278.41,5.21
23/9/2025,-1464.99,-930.83,2395.82,1273.20,-9.34
22/9/2025,-1839.98,-1671.74,3511.71,1282.54,-10.18
19/9/2025,71.94,-3190.44,3118.50,1292.72,-4.29
18/9/2025,-256.04,-3227.33,3483.37,1297.01,-9.68
17/9/2025,-858.51,-199.69,1058.19,1306.69,-1.50
16/9/2025,515.89,1247.81,-1763.70,1308.19,8.41
15/9/2025,209.86,303.49,-513.35,1299.78,6.16
12/9/2025,562.64,-764.44,201.80,1293.62,5.59
11/9/2025,1215.63,1483.72,-2699.36,1288.03,9.98
10/9/2025,389.34,-1799.79,1410.45,1278.05,1.97
9/9/2025,-937.65,389.31,548.34,1276.08,9.97
8/9/2025,417.62,-1412.21,994.59,1266.11,1.31
5/9/2025,134.48,1005.88,-1140.36,1264.80,12.25
4/9/2025,319.50,-1781.45,1461.95,1252.55,-6.76
3/9/2025,-742.13,1868.46,-1126.33,1259.31,10.53
2/9/2025,1402.42,-751.67,-650.74,1248.78,4.30
1/9/2025,264.59,347.80,-612.39,1244.48,7.87
29/8/2025,285.75,-3951.74,3665.99,1236.61,-13.48
28/8/2025,-685.99,50.98,635.01,1250.09,2.06
27/8/2025,6.25,-1871.91,1865.66,1248.03,-3.23
26/8/2025,452.23,-6107.29,5655.07,1251.26,-11.41
25/8/2025,1484.44,-513.08,-971.36,1262.67,9.28
22/8/2025,976.73,-1699.90,723.17,1253.39,8.60
21/8/2025,1479.70,-2810.75,1331.06,1244.79,-3.34
20/8/2025,1717.58,-563.31,-1154.28,1248.13,12.37
19/8/2025,-1045.74,-416.46,1462.21,1235.76,-6.55
18/8/2025,-3125.19,-644.50,3769.69,1242.31,-17.11
15/8/2025,-1540.57,-558.10,2098.68,1259.42,-7.25
14/8/2025,-2389.06,-549.67,2938.74,1266.67,-10.76
13/8/2025,8066.36,-6655.96,-1410.41,1277.43,18.36
8/8/2025,-2175.92,105.80,2070.11,1259.07,-6.08
7/8/2025,-103.01,-297.85,400.86,1265.15,0.68
6/8/2025,1685.19,1976.98,-3662.17,1264.47,17.51
5/8/2025,1431.86,2059.21,-3491.07,1246.96,17.56
4/8/2025,-760.27,2609.46,-1849.19,1229.40,11.07
1/8/2025,-2394.42,-1898.80,4293.22,1218.33,-24.02
31/7/2025,-865.78,558.40,307.38,1242.35,-1.79
30/7/2025,1531.37,-264.86,-1266.51,1244.14,10.46
29/7/2025,767.75,3379.80,-4147.54,1233.68,16.53
25/7/2025,-1075.61,-267.28,1342.90,1217.15,4.66
24/7/2025,-841.70,1605.87,-764.16,1212.49,-7.13
23/7/2025,958.71,4492.43,-5451.15,1219.62,27.87
22/7/2025,-2616.73,1821.45,795.28,1191.75,-16.38
21/7/2025,-819.79,1149.70,-329.91,1208.13,1.55
18/7/2025,-972.44,842.70,129.74,1206.58,8.47
17/7/2025,1948.84,2494.87,-4443.72,1198.11,40.48
16/7/2025,-527.93,475.78,52.15,1157.63,-3.38
15/7/2025,2280.85,-592.72,-1688.13,1161.01,17.70
14/7/2025,1567.49,1374.01,-2941.50,1143.31,22.18
11/7/2025,561.06,2187.35,-2748.40,1121.13,10.73
9/7/2025,-1032.82,6.68,1026.14,1110.40,-5.25
8/7/2025,-1549.53,161.94,1387.59,1115.65,-7.35
7/7/2025,-1159.87,573.67,586.20,1123.00,3.06
4/7/2025,995.35,-2338.12,1342.77,1119.94,-7.27
3/7/2025,890.77,-63.26,-827.51,1127.21,11.52
2/7/2025,2138.56,-680.03,-1458.53,1115.69,5.68
1/7/2025,1586.07,-776.06,-810.00,1110.01,20.45
30/6/2025,-486.13,115.68,370.44,1089.56,7.14
27/6/2025,-2879.17,-1128.85,4008.03,1082.42,-24.31
26/6/2025,409.28,765.08,-1174.36,1106.73,-0.96
25/6/2025,1057.37,2651.53,-3708.90,1107.69,7.68
24/6/2025,2951.45,240.00,-3191.45,1100.01,37.23
23/6/2025,-810.55,913.35,-102.80,1062.78,-4.85
20/6/2025,1415.34,-3756.31,2340.97,1067.63,-1.10
19/6/2025,-6111.85,-693.28,6805.14,1068.73,-25.85
18/6/2025,-1644.19,-1139.61,2783.80,1094.58,-19.00
17/6/2025,59.92,-607.70,547.78,1113.58,-0.91
16/6/2025,-446.90,-3530.45,3977.34,1114.49,-8.21
13/6/2025,-1845.20,329.89,1515.31,1122.70,-5.92
12/6/2025,-1067.25,-731.44,1798.68,1128.62,-12.96
11/6/2025,-23.16,-234.21,257.38,1141.58,2.42
10/6/2025,122.88,1432.71,-1555.60,1139.16,3.92
9/6/2025,-270.12,-203.14,473.27,1135.24,-1.19
6/6/2025,-2653.90,-1394.35,4048.26,1136.43,-4.20
5/6/2025,-226.10,-115.73,341.83,1140.63,8.61
4/6/2025,-825.98,-867.05,1693.03,1132.02,-17.16
30/5/2025,4705.00,-11093.20,6388.18,1149.18,-14.83
29/5/2025,899.48,-1518.72,619.24,1164.01,3.27
28/5/2025,-148.16,342.44,-194.29,1160.74,-2.68
27/5/2025,-268.51,-2192.92,2461.44,1163.42,-15.01
26/5/2025,257.92,-1125.83,867.90,1178.43,2.07
23/5/2025,-1226.30,1737.79,-511.48,1176.36,2.99
22/5/2025,-1008.19,1423.95,-415.76,1173.37,-6.44
21/5/2025,-1200.68,386.13,814.55,1179.81,-9.33
20/5/2025,75.40,865.46,-940.86,1189.14,2.08
19/5/2025,-339.98,-174.01,514.00,1187.06,-8.71
16/5/2025,21.23,-1148.55,1127.31,1195.77,1.28
15/5/2025,-1531.35,-1172.05,2703.41,1194.49,-22.22
14/5/2025,-1866.11,425.56,1440.55,1216.71,2.32
13/5/2025,728.43,-2466.18,1737.75,1214.39,3.45
9/5/2025,180.87,-1451.72,1270.85,1210.94,4.35
8/5/2025,2027.81,-3009.00,981.19,1206.59,-13.68
7/5/2025,2699.47,4523.97,-7223.44,1220.27,32.41
6/5/2025,-1252.58,853.46,399.12,1187.86,-11.12
2/5/2025,1563.64,-1354.52,-209.12,1198.98,1.72
30/4/2025,681.16,3318.58,-3999.74,1197.26,26.14
29/4/2025,288.48,597.28,-885.76,1171.12,11.59
28/4/2025,-402.06,-1069.58,1471.64,1159.53,0.53
25/4/2025,1848.37,-1876.35,27.97,1159.00,12.14
24/4/2025,118.09,-2093.37,1975.28,1146.86,-6.91
23/4/2025,2181.42,-2849.60,668.18,1153.77,9.72
22/4/2025,-413.30,123.00,290.30,1144.05,9.34
21/4/2025,-944.56,-2237.56,3182.12,1134.71,-16.24
18/4/2025,285.27,-1336.03,1050.77,1150.95,9.67
17/4/2025,371.48,-223.34,-148.14,1141.28,2.38
16/4/2025,-166.35,655.59,-489.24,1138.90,10.24
11/4/2025,-742.57,-1140.68,1883.25,1128.66,-5.29
10/4/2025,3060.09,957.82,-4017.91,1133.95,45.77
9/4/2025,-632.07,410.53,221.54,1088.18,13.59
8/4/2025,-4865.08,-2475.94,7341.02,1074.59,-50.62
4/4/2025,-2370.09,-6398.76,8768.85,1125.21,-36.60
3/4/2025,-1717.30,-2100.28,3817.58,1161.81,-10.88
2/4/2025,-1228.97,1564.79,-335.82,1172.69,4.67
1/4/2025,-991.34,1450.20,-458.85,1168.02,9.93
31/3/2025,-2712.58,-1487.41,4199.99,1158.09,-17.36
28/3/2025,305.08,-2264.15,1959.06,1175.45,-12.45
27/3/2025,-807.64,1172.20,-364.56,1187.90,-2.46
26/3/2025,-292.36,-182.22,474.59,1190.36,5.43
25/3/2025,63.63,-2749.76,2686.14,1184.93,-5.13
24/3/2025,-646.47,-82.28,728.75,1190.06,3.45
21/3/2025,-1070.11,469.35,600.76,1186.61,4.90
20/3/2025,1201.49,-2833.77,1632.27,1181.71,-7.95
19/3/2025,1535.86,-707.86,-827.99,1189.66,13.49
18/3/2025,-277.21,885.95,-608.74,1176.17,5.97
17/3/2025,-71.52,-1315.48,1387.01,1170.20,-3.56
14/3/2025,1127.61,-119.56,-1008.04,1173.76,14.12
13/3/2025,-554.23,-928.59,1482.81,1159.64,-0.42
12/3/2025,-297.16,-2965.28,3262.44,1160.06,-27.57
11/3/2025,1389.96,-1020.48,-369.48,1187.63,10.19
10/3/2025,-867.93,-3372.12,4240.05,1177.44,-24.59
7/3/2025,-1676.01,1408.31,267.70,1202.03,12.48
6/3/2025,-992.25,-4743.97,5736.23,1189.55,-17.41
5/3/2025,988.42,1379.46,-2367.88,1206.96,29.32
4/3/2025,-1288.06,-884.39,2172.44,1177.64,-10.77
3/3/2025,-50.77,-1523.46,1574.24,1188.41,-15.31
28/2/2025,2599.81,-4964.40,2364.59,1203.72,-12.01
27/2/2025,-6.01,-2550.81,2556.82,1215.73,-15.41
26/2/2025,-740.90,2063.15,-1322.26,1231.14,24.75
25/2/2025,-1876.47,-3398.54,5275.01,1206.39,-29.46
24/2/2025,-1442.00,-1381.17,2823.17,1235.85,-10.36
21/2/2025,-623.32,-689.45,1312.78,1246.21,0.60
20/2/2025,1002.38,-2820.75,1818.37,1245.61,-16.66
19/2/2025,1075.14,1056.05,-2131.20,1262.27,4.79
18/2/2025,1297.06,-3.16,-1293.90,1257.48,1.00
17/2/2025,-2787.78,4634.67,-1846.89,1256.48,-15.62
14/2/2025,-4698.14,824.32,3873.82,1272.10,-12.01
13/2/2025,-758.26,-945.29,1703.55,1284.11,0.14
11/2/2025,-392.65,1008.29,-615.65,1283.97,13.48
10/2/2025,343.25,-1993.78,1650.53,1270.49,-11.60
7/2/2025,-75.01,1032.80,-957.79,1282.09,20.02
6/2/2025,-1811.72,585.58,1226.14,1262.07,-24.67
5/2/2025,-899.92,553.52,346.40,1286.74,-14.28
4/2/2025,-151.58,684.42,-532.84,1301.02,-3.37
3/2/2025,-542.12,-362.91,905.03,1304.39,-10.11
31/1/2025,-1571.19,-3164.65,4735.85,1314.50,-21.14
30/1/2025,-435.62,125.82,309.79,1335.64,-7.55
29/1/2025,201.08,-702.13,501.06,1343.19,-2.58
28/1/2025,-779.78,1917.65,-1137.87,1345.77,4.83
27/1/2025,-840.74,-1012.62,1853.35,1340.94,-13.13
24/1/2025,-1342.27,1270.02,72.25,1354.07,9.90
23/1/2025,484.97,-4388.17,3903.20,1344.17,-15.95
22/1/2025,725.60,1704.50,-2430.10,1360.12,7.59
21/1/2025,-131.23,170.36,-39.14,1352.53,12.03
20/1/2025,-763.46,445.88,317.58,1340.50,-0.13
17/1/2025,322.02,-1268.37,946.35,1340.63,-11.93
16/1/2025,2978.64,-1239.61,-1739.03,1352.56,-0.61
15/1/2025,3066.95,-961.65,-2105.30,1353.17,10.38
14/1/2025,291.22,-2187.18,1895.96,1342.79,-11.55
13/1/2025,-214.90,118.21,96.69,1354.34,-13.65
10/1/2025,402.43,-1103.62,701.19,1367.99,5.02
9/1/2025,-1013.14,-2215.83,3228.98,1362.97,-24.75
8/1/2025,199.78,-1114.92,915.14,1387.72,-3.16
7/1/2025,338.00,2401.13,-2739.13,1390.88,18.23
6/1/2025,-653.56,650.03,3.53,1372.65,-12.11
3/1/2025,-513.89,478.78,35.11,1384.76,4.91
2/1/2025,-452.31,-1257.91,1710.21,1379.85,-26.28
30/12/2024,1222.91,-360.68,-862.23,1406.13,4.67
27/12/2024,412.79,-79.88,-332.91,1401.46,3.66
26/12/2024,-304.29,433.71,-129.43,1397.80,-3.05
25/12/2024,902.69,-22.16,-880.54,1400.85,6.18
24/12/2024,1216.89,-1193.06,-23.84,1394.67,7.76
23/12/2024,91.42,2249.73,-2341.15,1386.91,21.84
20/12/2024,-87.75,-2117.59,2205.34,1365.07,-12.46
19/12/2024,-1995.86,102.03,1893.83,1377.53,-21.42
18/12/2024,-58.99,-387.66,446.65,1398.95,3.38
17/12/2024,-4451.27,-557.88,5009.15,1395.57,-24.15
16/12/2024,-2091.91,-1270.74,3362.66,1419.72,-11.95
13/12/2024,256.97,-484.13,227.16,1431.67,-8.22
12/12/2024,348.49,-1528.19,1179.70,1439.89,-3.16
11/12/2024,997.14,-2146.94,1149.80,1443.05,-4.48
9/12/2024,930.97,-1747.67,816.69,1447.53,-4.43
6/12/2024,2190.72,-1585.57,-605.15,1451.96,1.14
4/12/2024,1700.72,-762.69,-938.03,1450.82,-3.94
3/12/2024,3466.82,1405.94,-4872.76,1454.76,17.65
2/12/2024,1543.36,-414.52,-1128.84,1437.11,9.57
29/11/2024,1556.92,-1283.72,-273.21,1427.54,-0.47
28/11/2024,-721.48,-864.34,1585.83,1428.01,-2.39
27/11/2024,-535.00,-89.02,624.02,1430.40,-7.85
26/11/2024,-243.09,11.32,231.77,1438.25,-5.06
25/11/2024,1300.45,-2056.33,755.88,1443.31,-2.99
22/11/2024,2119.89,-117.92,-2001.97,1446.30,5.84
21/11/2024,286.13,1155.39,-1441.53,1440.46,-22.02
20/11/2024,-293.52,-1351.77,1645.29,1462.48,2.37
19/11/2024,1352.54,-464.45,-888.09,1460.11,7.33
18/11/2024,531.50,1685.52,-2217.03,1452.78,10.15
15/11/2024,-134.96,-970.48,1105.43,1442.63,-7.49
14/11/2024,1490.57,-3225.71,1735.13,1450.12,-1.35
13/11/2024,-618.63,165.91,452.72,1451.47,6.40
12/11/2024,-2389.89,508.56,1881.33,1445.07,-11.40
11/11/2024,-564.45,-756.51,1320.96,1456.47,-8.22
8/11/2024,-1168.81,-1581.84,2750.65,1464.69,-5.03
7/11/2024,1607.92,-1744.40,136.47,1469.72,2.30
6/11/2024,-255.24,-1782.31,2037.56,1467.42,-14.25
5/11/2024,554.66,1442.95,-1997.61,1481.67,18.72
4/11/2024,8.32,24.99,-33.31,1462.95,-1.22
1/11/2024,1345.95,-2441.88,1095.94,1464.17,-1.87
31/10/2024,2241.61,-437.14,-1804.47,1466.04,18.84
30/10/2024,526.00,-4268.61,3742.61,1447.20,-3.96
29/10/2024,849.69,-1702.20,852.50,1451.16,-1.87
28/10/2024,693.65,-793.84,100.18,1453.03,-10.39
25/10/2024,-648.97,-39.09,688.06,1463.42,2.78
24/10/2024,-1610.61,-398.01,2008.61,1460.64,-9.68
22/10/2024,-1603.60,-1645.26,3248.87,1470.32,-18.42
21/10/2024,68.57,-698.89,630.32,1488.74,-1.08
18/10/2024,848.56,-263.29,-585.27,1489.82,-5.20
17/10/2024,1488.53,-2560.16,1071.63,1495.02,10.01
16/10/2024,3919.35,4201.29,-8120.64,1485.01,19.98
15/10/2024,1425.38,-2355.32,929.94,1465.03,-5.07
11/10/2024,2615.15,-1164.79,-1450.36,1470.10,1.58
10/10/2024,3576.88,-1603.88,-1973.00,1468.52,11.55
9/10/2024,1796.99,-2063.80,266.81,1456.97,4.17
8/10/2024,2345.97,-342.95,-2003.02,1452.80,0.60
7/10/2024,1719.53,-1163.55,-555.98,1452.20,7.95
4/10/2024,3181.62,-1022.36,-2159.25,1444.25,1.52
3/10/2024,2099.85,-2767.93,668.08,1442.73,-8.67
2/10/2024,4295.99,-5361.17,1065.18,1451.40,-13.26
1/10/2024,3747.11,-1715.30,-2031.80,1464.66,15.83
30/9/2024,606.89,-962.51,355.62,1448.83,-1.32
27/9/2024,-1303.59,-1804.24,3107.83,1450.15,-4.88
26/9/2024,-390.20,-1326.28,1716.48,1455.03,-6.55
25/9/2024,315.79,-554.94,239.15,1461.58,-0.52
24/9/2024,633.24,2556.04,-3189.28,1462.10,14.20
23/9/2024,335.45,434.81,-770.26,1447.90,-3.79
20/9/2024,690.11,1399.32,-2089.44,1451.69,-3.15
19/9/2024,848.71,1037.71,-1886.42,1454.84,19.07
18/9/2024,-2024.75,3493.56,-1468.81,1435.77,-0.83
17/9/2024,-209.75,-415.69,625.44,1436.60,1.07
16/9/2024,600.18,350.23,-950.41,1435.53,11.14
13/9/2024,-231.77,1760.75,-1528.97,1424.39,2.81
12/9/2024,255.17,827.23,-1082.40,1421.58,6.17
11/9/2024,1338.46,2679.63,-4018.08,1415.41,-12.62
10/9/2024,-802.39,560.29,242.10,1428.03,-3.10
9/9/2024,-3042.23,3646.49,-604.27,1431.13,3.49
6/9/2024,444.12,10756.60,-11200.70,1427.64,23.36
5/9/2024,2531.93,7484.60,-10016.50,1404.28,38.79
4/9/2024,16.85,-567.65,550.80,1365.49,0.89
3/9/2024,2080.47,-699.64,-1380.84,1364.60,10.96
2/9/2024,-408.92,-1478.35,1887.27,1353.64,-5.43
30/8/2024,1147.75,-3184.24,2036.48,1359.07,1.66
29/8/2024,-356.39,967.93,-611.55,1357.41,-8.31
28/8/2024,-1140.15,1761.07,-620.92,1365.72,1.41
27/8/2024,-861.64,1081.29,-219.65,1364.31,-0.50
26/8/2024,-246.72,553.07,-306.35,1364.81,9.94
23/8/2024,753.95,2842.55,-3596.50,1354.87,13.84
22/8/2024,947.18,-849.47,-97.71,1341.03,3.20
21/8/2024,382.74,756.41,-1139.15,1337.83,9.71
20/8/2024,-878.29,1789.41,-911.12,1328.12,4.74
19/8/2024,2807.31,-10486.50,7679.24,1323.38,20.38
16/8/2024,806.47,334.60,-1141.07,1303.00,13.16
15/8/2024,-605.09,-515.69,1120.78,1289.84,-2.85
14/8/2024,-1409.27,438.41,970.87,1292.69,-5.10
13/8/2024,746.70,172.50,-919.20,1297.79,0.72
9/8/2024,-19.33,51.25,-31.92,1297.07,0.82
8/8/2024,653.39,-498.76,-154.63,1296.25,5.70
7/8/2024,-873.60,1666.98,-793.38,1290.55,16.54
6/8/2024,40.47,-723.81,683.34,1274.01,-0.66
5/8/2024,-492.45,-72.22,564.67,1274.67,-38.41
2/8/2024,-606.23,-1842.57,2448.80,1313.08,-9.67
1/8/2024,559.90,-206.51,-353.39,1322.75,1.89
31/7/2024,-363.32,301.04,62.29,1320.86,12.77
30/7/2024,61.88,101.36,-163.24,1308.09,0.88
26/7/2024,1055.20,-147.66,-907.54,1307.21,15.63
25/7/2024,-544.26,-225.23,769.49,1291.58,-6.52
24/7/2024,-877.19,387.84,489.34,1298.10,-3.44
23/7/2024,-366.00,70.57,295.43,1301.54,-15.60
19/7/2024,-502.21,278.33,223.89,1317.14,-7.62
18/7/2024,-671.37,1292.49,-621.12,1324.76,4.97
17/7/2024,-677.61,695.26,-17.65,1319.79,-1.52
16/7/2024,-833.44,-68.15,901.58,1321.31,-6.12
15/7/2024,-1776.27,-442.72,2219.00,1327.43,-4.61
12/7/2024,246.15,14.38,-260.54,1332.04,2.67
11/7/2024,-1105.61,-584.06,1689.68,1329.37,6.09
10/7/2024,1551.66,-2047.74,496.07,1323.28,3.36
9/7/2024,-468.08,-916.01,1384.09,1319.92,-2.58
8/7/2024,286.70,383.68,-670.38,1322.50,10.51
5/7/2024,468.26,1687.97,-2156.24,1311.99,10.95
4/7/2024,1254.11,-1369.48,115.37,1301.04,6.34
3/7/2024,-480.01,1318.83,-838.82,1294.70,6.12
2/7/2024,991.01,-2820.73,1829.72,1288.58,-10.77
1/7/2024,-344.81,337.97,6.84,1299.35,-1.61
28/6/2024,-866.40,-2620.43,3486.83,1300.96,-8.50
27/6/2024,-957.53,-2385.96,3343.49,1309.46,-9.69
26/6/2024,309.10,-831.33,522.23,1319.15,0.01
25/6/2024,744.77,-1844.30,1099.53,1319.14,2.41
24/6/2024,782.05,-1087.97,305.93,1316.73,10.32
21/6/2024,348.92,-1580.30,1231.38,1306.41,8.12
20/6/2024,572.14,-1959.89,1387.75,1298.29,-5.53
19/6/2024,-256.01,-2692.88,2948.88,1303.82,6.41
18/6/2024,557.34,-1740.94,1183.60,1297.41,0.82
17/6/2024,472.79,-2706.28,2233.49,1296.59,-9.97
14/6/2024,-118.14,-714.12,832.26,1306.56,-5.22
13/6/2024,317.05,-2024.95,1707.90,1311.78,-4.91
12/6/2024,-76.45,-1815.86,1892.32,1316.69,0.59
11/6/2024,1326.74,-3208.68,1881.95,1316.10,-2.47
10/6/2024,-130.59,-1612.80,1743.39,1318.57,-14.17
7/6/2024,68.82,-495.87,427.05,1332.74,4.33
6/6/2024,965.38,-3184.65,2219.27,1328.41,-9.91
5/6/2024,-322.41,-121.23,443.64,1338.32,1.00
4/6/2024,1371.40,-2243.42,872.02,1337.32,-8.34
31/5/2024,888.74,-4097.90,3209.15,1345.66,-5.86
30/5/2024,83.61,-1372.78,1289.18,1351.52,1.69
29/5/2024,187.09,-3562.44,3375.34,1349.83,-12.87
28/5/2024,434.65,-1660.46,1225.81,1362.70,-3.67
27/5/2024,1033.61,-1071.08,37.46,1366.37,1.89
24/5/2024,960.62,-834.78,-125.83,1364.48,-3.36
23/5/2024,186.63,-1014.36,827.73,1367.84,-2.99
21/5/2024,1421.51,-3150.00,1728.50,1370.83,-7.87
20/5/2024,747.18,104.71,-851.89,1378.70,-3.98
17/5/2024,53.83,831.68,-885.51,1382.68,4.96
16/5/2024,-1671.88,3565.73,-1893.85,1377.72,7.28
15/5/2024,1145.10,-2638.18,1493.08,1370.44,-6.13
14/5/2024,-103.84,2301.96,-2198.12,1376.57,4.07
13/5/2024,-274.78,1150.45,-875.67,1372.50,0.60
10/5/2024,524.86,-615.98,91.11,1371.90,2.61
9/5/2024,-83.57,-1280.28,1363.84,1369.29,-4.04
8/5/2024,236.11,-1497.22,1261.11,1373.33,-3.04
7/5/2024,1134.29,1796.52,-2930.81,1376.37,6.45
3/5/2024,1505.28,-1498.11,-7.17,1369.92,6.67
2/5/2024,822.40,-2204.55,1382.15,1363.25,-4.70
30/4/2024,1341.34,975.44,-2316.78,1367.95,5.98
29/4/2024,-841.50,556.83,284.67,1361.97,2.03
26/4/2024,983.64,-822.78,-160.86,1359.94,-4.33
25/4/2024,-60.91,1796.21,-1735.30,1364.27,3.17
24/4/2024,164.18,-456.32,292.14,1361.10,3.64
23/4/2024,1384.31,2231.91,-3616.22,1357.46,7.94
22/4/2024,1616.20,372.42,-1988.63,1349.52,17.44
19/4/2024,-90.61,-3767.86,3858.48,1332.08,-28.94
18/4/2024,-2099.51,-340.60,2440.11,1361.02,-5.92
17/4/2024,-406.65,-6395.39,6802.04,1366.94,-29.44
11/4/2024,99.79,-1816.30,1716.51,1396.38,-11.79
10/4/2024,-1140.84,3696.16,-2555.33,1408.17,7.06
9/4/2024,-381.50,6037.79,-5656.29,1401.11,25.53
5/4/2024,58.51,1269.59,-1328.10,1375.58,1.69
4/4/2024,-867.97,-332.63,1200.60,1373.89,-1.80
3/4/2024,-2985.55,1590.15,1395.40,1375.69,-3.77
2/4/2024,946.40,-1580.71,634.31,1379.46,-0.02
1/4/2024,232.52,899.74,-1132.27,1379.48,1.54
29/3/2024,-470.12,644.69,-174.57,1377.94,7.60
28/3/2024,-219.24,-1808.11,2027.35,1370.34,-10.49
27/3/2024,324.43,678.23,-1002.66,1380.83,3.60
26/3/2024,-1091.47,1428.61,-337.13,1377.23,4.74
25/3/2024,-1790.30,-1056.84,2847.14,1372.49,-8.55
22/3/2024,547.12,-627.25,80.13,1381.04,-6.58
21/3/2024,-316.07,2037.72,-1721.66,1387.62,14.44
20/3/2024,673.75,-20073.10,19399.30,1373.18,-9.28
19/3/2024,863.71,-18801.70,17938.00,1382.46,-3.48
18/3/2024,802.49,-297.94,-504.55,1385.94,-0.10
15/3/2024,353.71,-2177.52,1823.81,1386.04,-8.89
14/3/2024,-1099.24,3647.18,-2547.94,1394.93,10.42
13/3/2024,-525.36,1068.42,-543.06,1384.51,4.88
12/3/2024,-820.94,-200.46,1021.40,1379.63,-0.60
11/3/2024,481.54,-2342.48,1860.95,1380.23,-6.19
8/3/2024,773.03,1610.21,-2383.25,1386.42,14.26
7/3/2024,924.27,-2553.61,1629.33,1372.16,1.61
6/3/2024,-327.55,1842.24,-1514.70,1370.55,11.29
5/3/2024,930.68,-2918.00,1987.31,1359.26,-3.31
4/3/2024,-184.77,-583.30,768.06,1362.57,-4.85
1/3/2024,291.97,-831.28,539.31,1367.42,-3.25
29/2/2024,217.26,-4336.52,4119.26,1370.67,-11.38
28/2/2024,-343.89,742.96,-399.06,1382.05,-11.65
27/2/2024,69.00,-2299.73,2230.74,1393.70,-4.44
23/2/2024,649.71,-1938.50,1288.80,1398.14,-4.33
22/2/2024,-1124.94,3425.65,-2300.71,1402.47,8.86
21/2/2024,-577.37,6312.47,-5735.10,1393.61,12.54
20/2/2024,-789.57,-74.48,864.06,1381.07,-6.26
19/2/2024,-1065.56,1223.11,-157.55,1387.33,1.06
16/2/2024,-1255.12,833.59,421.53,1386.27,-1.00
15/2/2024,-640.55,-1341.57,1982.12,1387.27,2.16
14/2/2024,318.28,-2700.51,2382.23,1385.11,-6.62
13/2/2024,275.95,-200.52,-75.43,1391.73,2.43
12/2/2024,-594.24,66.41,527.83,1389.30,0.93
9/2/2024,-615.87,-858.82,1474.69,1388.37,-0.23
8/2/2024,-111.01,-1936.13,2047.14,1388.60,-11.42
7/2/2024,723.48,-2006.40,1282.92,1400.02,3.06
6/2/2024,-1696.61,3613.17,-1916.57,1396.96,13.03
5/2/2024,-382.01,160.34,221.67,1383.93,-0.15
2/2/2024,260.91,2097.47,-2358.38,1384.08,16.12
1/2/2024,-1909.80,2080.16,-170.36,1367.96,3.44
31/1/2024,-413.48,-961.05,1374.53,1364.52,-8.62
30/1/2024,224.94,-1396.64,1171.70,1373.14,-3.14
29/1/2024,-47.31,160.29,-112.98,1376.28,8.13
26/1/2024,680.42,-2766.02,2085.60,1368.15,-7.94
25/1/2024,2007.30,-2042.20,34.90,1376.09,-5.10
24/1/2024,496.27,-570.92,74.65,1381.19,24.65
23/1/2024,-306.48,-2032.67,2339.15,1356.54,-13.38
22/1/2024,-607.07,-4000.90,4607.96,1369.92,-12.59
19/1/2024,-1038.67,-1233.07,2271.74,1382.51,4.58
18/1/2024,237.90,-2650.18,2412.28,1377.93,-2.72
17/1/2024,-437.37,-5749.49,6186.85,1380.65,-21.07
16/1/2024,-674.24,-834.37,1508.62,1401.72,-5.30
15/1/2024,-744.78,-471.02,1215.80,1407.02,-6.51
12/1/2024,59.73,-67.30,7.57,1413.53,5.29
11/1/2024,-121.31,-1066.36,1187.66,1408.24,-5.28
10/1/2024,332.49,-1827.92,1495.44,1413.52,-1.41
9/1/2024,-30.81,-1005.87,1036.69,1414.93,-3.52
8/1/2024,-543.04,-270.77,813.81,1418.45,-9.51
5/1/2024,1213.67,-3096.17,1882.49,1427.96,-6.63
4/1/2024,-1546.16,650.71,895.44,1434.59,4.97
3/1/2024,-225.67,-898.65,1124.32,1429.62,-3.76
2/1/2024,888.40,1256.46,-2144.86,1433.38,17.53
28/12/2023,-87.42,3971.83,-3884.42,1415.85,5.42
27/12/2023,1533.60,-791.54,-742.06,1410.43,-3.02
26/12/2023,323.87,293.62,-617.48,1413.45,4.62
25/12/2023,21.29,-298.78,277.49,1408.83,3.74
22/12/2023,1064.38,-2078.34,1013.95,1405.09,0.25
21/12/2023,-235.17,479.25,-244.08,1404.84,4.47
20/12/2023,1258.06,80.18,-1338.24,1400.37,5.47
19/12/2023,564.25,-1527.65,963.40,1394.90,1.49
18/12/2023,400.21,-666.36,266.16,1393.41,2.38
15/12/2023,170.15,3193.43,-3363.58,1391.03,12.09
14/12/2023,-535.09,3480.27,-2945.18,1378.94,20.97
13/12/2023,-120.27,-542.14,662.41,1357.97,-15.95
12/12/2023,263.40,-768.40,505.00,1373.92,-7.07
8/12/2023,724.02,-1303.63,579.61,1380.99,2.26
7/12/2023,1355.39,-3984.05,2628.66,1378.73,-10.82
6/12/2023,570.70,-454.20,-116.50,1389.55,6.01
4/12/2023,-374.89,979.07,-604.18,1383.54,3.23
1/12/2023,767.73,-266.24,-501.50,1380.31,0.13
30/11/2023,-101.64,-3704.82,3806.46,1380.18,-7.51
29/11/2023,983.01,-3327.55,2344.54,1387.69,-13.73
28/11/2023,-21.79,773.14,-751.36,1401.42,8.00
27/11/2023,-805.25,613.27,191.98,1393.42,-4.01
24/11/2023,-154.85,-1153.46,1308.31,1397.43,-9.18
23/11/2023,-28.94,-1715.21,1744.15,1406.61,-7.54
22/11/2023,-427.57,-1410.48,1838.06,1414.15,-9.46
21/11/2023,639.77,-604.44,-35.33,1423.61,4.17
20/11/2023,539.35,-1405.09,865.74,1419.44,3.66
17/11/2023,704.97,97.15,-802.12,1415.78,0.44
16/11/2023,560.27,-1615.42,1055.15,1415.34,0.17
15/11/2023,397.84,3558.85,-3956.70,1415.17,29.13
14/11/2023,-14.66,4.98,9.68,1386.04,-1.09
13/11/2023,-549.23,-60.96,610.19,1387.13,-2.44
10/11/2023,1095.79,-2384.79,1289.00,1389.57,-15.40
9/11/2023,93.11,-3112.06,3018.96,1404.97,-6.80
8/11/2023,1037.10,-1548.69,511.59,1411.77,3.47
7/11/2023,542.73,-1437.14,894.40,1408.30,-8.91
6/11/2023,-2.94,-860.74,863.67,1417.21,-2.55
3/11/2023,2725.99,-574.82,-2151.18,1419.76,15.77
2/11/2023,1081.00,1207.42,-2288.42,1403.99,24.03
1/11/2023,540.00,-718.25,178.25,1379.96,-1.87
31/10/2023,678.01,-2334.49,1656.49,1381.83,-14.02
30/10/2023,843.85,-750.55,-93.29,1395.85,7.62
27/10/2023,839.26,1328.70,-2167.95,1388.23,17.01
26/10/2023,-445.16,-1557.66,2002.82,1371.22,-30.48
25/10/2023,2299.07,-924.21,-1374.86,1401.70,10.67
24/10/2023,291.77,-1444.49,1152.72,1391.03,-8.32
20/10/2023,-1067.90,-1215.31,2283.21,1399.35,-23.69
19/10/2023,-758.38,-1896.73,2655.10,1423.04,-14.81
18/10/2023,-644.84,2799.98,-2155.15,1437.85,4.45
17/10/2023,465.70,-841.25,375.54,1433.40,6.29
16/10/2023,-326.73,-2900.17,3226.91,1427.11,-23.64
12/10/2023,2093.78,-1759.75,-334.03,1450.75,-5.24
11/10/2023,1388.99,2916.46,-4305.44,1455.99,21.54
10/10/2023,325.62,-1265.76,940.13,1434.45,2.73
9/10/2023,-1378.79,2963.20,-1584.41,1431.72,-6.73
6/10/2023,406.30,-1638.22,1231.92,1438.45,-14.10
5/10/2023,1650.37,-2140.46,490.09,1452.55,1.30
4/10/2023,-636.66,34.15,602.51,1451.25,3.95
3/10/2023,-2.78,-4440.48,4443.26,1447.30,-22.16
2/10/2023,381.75,-669.62,287.88,1469.46,-1.97
29/9/2023,-803.86,1071.48,-267.61,1471.43,-10.71
28/9/2023,-2.27,-2701.87,2704.14,1482.14,-15.01
27/9/2023,-1963.81,2056.14,-92.33,1497.15,3.13
26/9/2023,-909.66,-788.62,1698.29,1494.02,-13.34
25/9/2023,135.22,-2661.64,2526.42,1507.36,-15.23
22/9/2023,-23.05,-1304.84,1327.89,1522.59,8.33
21/9/2023,277.67,637.32,-915.00,1514.26,6.36
20/9/2023,-835.87,-2253.45,3089.32,1507.90,-15.06
19/9/2023,-198.11,-1117.08,1315.19,1522.96,-4.61
18/9/2023,-577.62,-2567.80,3145.42,1527.57,-14.46
15/9/2023,1600.43,-1935.41,334.98,1542.03,-3.11
14/9/2023,12.85,1246.10,-1258.95,1545.14,9.83
13/9/2023,289.55,-1509.78,1220.23,1535.31,-10.19
12/9/2023,644.17,-771.85,127.69,1545.50,4.56
11/9/2023,24.58,-2601.00,2576.43,1540.94,-6.23
8/9/2023,764.13,-2182.58,1418.46,1547.17,-3.19
7/9/2023,761.45,-850.16,88.70,1550.36,1.58
6/9/2023,1033.57,-740.08,-293.50,1548.78,0.92
5/9/2023,-228.52,-1527.87,1756.39,1547.86,-0.82
4/9/2023,-2306.58,-431.94,2738.52,1548.68,-12.83
1/9/2023,21.82,-1037.95,1016.12,1561.51,-4.43
31/8/2023,2697.80,-6126.84,3429.04,1565.94,-10.73
30/8/2023,1949.29,1976.17,-3925.47,1576.67,7.86
29/8/2023,-288.45,1453.57,-1165.12,1568.81,5.84
28/8/2023,1267.06,-1528.38,261.31,1562.97,2.77
25/8/2023,-822.96,-297.23,1120.18,1560.20,2.79
24/8/2023,-797.08,808.09,-11.01,1557.41,8.40
23/8/2023,2569.91,-161.76,-2408.15,1549.01,3.41
22/8/2023,3748.07,509.91,-4257.98,1545.60,19.75
21/8/2023,718.44,345.42,-1063.86,1525.85,6.73
18/8/2023,374.42,-387.87,13.45,1519.12,-9.69
17/8/2023,-226.31,782.30,-555.99,1528.81,9.25
16/8/2023,132.32,-883.96,751.64,1519.56,-1.17
15/8/2023,-238.36,-3815.61,4053.97,1520.73,-14.43
11/8/2023,1965.54,-349.45,-1616.09,1535.16,1.75
10/8/2023,1417.38,1171.37,-2588.75,1533.41,5.11
9/8/2023,256.95,2804.79,-3061.74,1528.30,9.86
8/8/2023,-261.06,-3348.19,3609.24,1518.44,-14.07
7/8/2023,-618.73,-394.03,1012.76,1532.51,2.05
4/8/2023,855.98,-2576.13,1720.15,1530.46,1.45
3/8/2023,-1166.69,-2930.81,4097.50,1529.01,-21.27
2/8/2023,302.68,-2500.46,2197.77,1550.28,-5.78
31/7/2023,376.69,217.87,-594.57,1556.06,12.79
27/7/2023,1831.59,1363.32,-3194.91,1543.27,18.68
26/7/2023,-391.04,-926.77,1317.81,1524.59,-1.71
25/7/2023,-680.67,-377.33,1057.99,1526.30,2.49
24/7/2023,-205.52,-4344.49,4550.02,1523.81,-5.44
21/7/2023,-569.62,-584.62,1154.24,1529.25,8.07
20/7/2023,-849.18,-1702.73,2551.91,1521.18,-15.46
19/7/2023,836.17,3.48,-839.65,1536.64,1.34
18/7/2023,384.86,1464.03,-1848.89,1535.30,6.53
17/7/2023,1192.14,802.58,-1994.72,1528.77,10.85
14/7/2023,1307.95,1651.08,-2959.04,1517.92,23.90
13/7/2023,-109.43,-11.67,121.10,1494.02,2.88
12/7/2023,1448.55,-1516.63,68.08,1491.14,-5.82
11/7/2023,324.16,-443.54,119.39,1496.96,0.07
10/7/2023,870.01,-193.43,-676.58,1496.89,6.38
7/7/2023,-685.55,-1503.51,2189.05,1490.51,0.05
6/7/2023,-352.63,-3164.84,3517.47,1490.46,-18.41
5/7/2023,932.36,-1089.14,156.79,1508.87,-6.44
4/7/2023,1574.99,-303.98,-1271.01,1515.31,8.47
3/7/2023,1860.25,-1948.97,88.71,1506.84,3.74
30/6/2023,2929.51,1707.87,-4637.38,1503.10,23.53
29/6/2023,-589.76,1148.28,-558.52,1479.57,12.64
28/6/2023,-2525.51,505.51,2020.00,1466.93,-11.17
27/6/2023,52.12,-1729.04,1676.92,1478.10,-7.22
26/6/2023,63.96,-418.17,354.22,1485.32,-20.20
23/6/2023,-559.95,-594.34,1154.29,1505.52,-3.79
22/6/2023,-1243.20,-927.69,2170.88,1509.31,-12.81
21/6/2023,1204.38,-3576.94,2372.56,1522.12,-15.47
20/6/2023,-2016.62,1436.25,580.38,1537.59,-19.33
19/6/2023,-45.21,-1250.57,1295.78,1556.92,-2.47
16/6/2023,-427.17,-1239.03,1666.20,1559.39,1.68
15/6/2023,-959.25,-1612.51,2571.75,1557.71,-3.44
14/6/2023,566.06,-758.42,192.36,1561.15,-1.25
13/6/2023,1659.93,592.16,-2252.08,1562.40,10.99
12/6/2023,257.95,60.30,-318.25,1551.41,-3.70
9/6/2023,1787.24,-1503.56,-283.68,1555.11,-4.39
8/6/2023,2428.40,1822.83,-4251.23,1559.50,26.29
7/6/2023,-562.28,1611.10,-1048.82,1533.21,4.67
6/6/2023,-243.00,-1086.81,1329.81,1528.54,-2.66
2/6/2023,-264.63,601.82,-337.19,1531.20,9.80
1/6/2023,-568.20,-3890.96,4459.17,1521.40,-12.14
31/5/2023,419.15,-1988.20,1569.05,1533.54,-1.27
30/5/2023,1861.35,-3063.57,1202.22,1534.81,-6.16
29/5/2023,1334.51,-274.17,-1060.34,1540.97,10.13
26/5/2023,1276.42,-3567.16,2290.74,1530.84,-4.58
25/5/2023,323.66,-2759.72,2436.06,1535.42,-1.09
24/5/2023,766.91,-539.77,-227.13,1536.51,1.67
23/5/2023,4400.25,-3852.84,-547.41,1534.84,5.60
22/5/2023,2861.95,-1469.36,-1392.58,1529.24,14.35
19/5/2023,-1150.51,-1193.42,2343.93,1514.89,-11.80
18/5/2023,1890.29,-3243.62,1353.33,1526.69,3.95
17/5/2023,675.80,-4439.34,3763.53,1522.74,-17.10
16/5/2023,-359.82,-1111.41,1471.23,1539.84,-1.54
15/5/2023,-712.28,-691.15,1403.43,1541.38,-19.97
12/5/2023,1109.03,-2257.54,1148.52,1561.35,-6.05
11/5/2023,2983.46,-1600.64,-1382.81,1567.40,-2.16
10/5/2023,2814.41,-1327.87,-1486.54,1569.56,4.90
9/5/2023,4855.31,-3591.20,-1264.10,1564.66,2.41
8/5/2023,1370.55,4104.19,-5474.74,1562.25,28.95
3/5/2023,2777.00,-1895.66,-881.34,1533.30,4.87
2/5/2023,-1092.41,1486.64,-394.23,1528.43,-0.69
28/4/2023,1456.44,-2722.20,1265.76,1529.12,-2.11
27/4/2023,88.91,-252.44,163.54,1531.23,-12.72
26/4/2023,-1542.93,1411.08,131.86,1543.95,3.75
25/4/2023,481.86,-1710.93,1229.07,1540.20,-17.67
24/4/2023,-46.11,-681.55,727.67,1557.87,-0.49
21/4/2023,-417.04,1164.11,-747.08,1558.36,-6.74
20/4/2023,-1475.13,-738.42,2213.55,1565.10,-15.63
19/4/2023,-259.16,-2781.62,3040.78,1580.73,-13.12
18/4/2023,1038.41,-2873.02,1834.61,1593.85,-6.56
17/4/2023,-218.05,1401.67,-1183.62,1600.41,7.74
12/4/2023,1521.52,-2024.21,502.68,1592.67,-4.43
11/4/2023,599.84,-50.98,-548.86,1597.10,3.97
10/4/2023,305.23,2495.19,-2800.42,1593.13,16.06
7/4/2023,-260.20,562.04,-301.84,1577.07,5.94
5/4/2023,-1593.02,-1052.81,2645.83,1571.13,-22.92
4/4/2023,-24.79,-1348.71,1373.49,1594.05,-6.32
3/4/2023,635.81,1317.41,-1953.22,1600.37,-8.80
31/3/2023,-362.02,-1437.60,1799.62,1609.17,3.75
30/3/2023,-2136.03,-1835.44,3971.47,1605.42,-5.10
29/3/2023,465.08,-13.23,-451.85,1610.52,3.61
28/3/2023,1664.71,1284.76,-2949.46,1606.91,13.54
27/3/2023,119.18,16.36,-135.55,1593.37,1.52
24/3/2023,658.14,-479.56,-178.58,1591.85,-1.80
23/3/2023,1215.43,1008.58,-2224.01,1593.65,8.57
22/3/2023,1370.44,-1103.63,-266.81,1585.08,7.90
21/3/2023,2135.94,-1187.04,-948.89,1577.18,21.73
20/3/2023,-12.35,-3480.83,3493.18,1555.45,-8.22
17/3/2023,1532.70,-1965.16,432.46,1563.67,9.02
16/3/2023,-814.17,-1809.63,2623.80,1554.65,-10.35
15/3/2023,1018.32,960.80,-1979.13,1565.00,41.11
14/3/2023,-5043.76,-4727.13,9770.89,1523.89,-49.18
13/3/2023,-1309.31,-2193.40,3502.71,1573.07,-26.58
10/3/2023,285.52,-3817.12,3531.59,1599.65,-14.57
9/3/2023,886.26,-1207.07,320.81,1614.22,1.62
8/3/2023,899.25,-3987.97,3088.72,1612.60,-5.91
7/3/2023,1394.24,-1368.92,-25.32,1618.51,11.63
3/3/2023,1012.51,-968.66,-43.85,1606.88,-5.76
2/3/2023,-155.96,-379.13,535.08,1612.64,-7.34
1/3/2023,1188.32,-3017.42,1829.11,1619.98,-2.37
28/2/2023,256.42,-3396.52,3140.10,1622.35,-5.00
27/2/2023,642.72,-2380.59,1737.87,1627.35,-6.67
24/2/2023,729.61,-5122.63,4393.03,1634.02,-18.45
23/2/2023,419.19,-2899.85,2480.66,1652.47,-7.01
22/2/2023,1763.91,-4278.26,2514.35,1659.48,-9.15
21/2/2023,3491.32,-4247.95,756.62,1668.63,10.94
20/2/2023,1752.00,-2982.19,1230.19,1657.69,6.02
17/2/2023,418.75,-1780.79,1362.04,1651.67,-6.62
16/2/2023,866.36,-426.61,-439.76,1658.29,10.90
15/2/2023,-479.52,5619.19,-5139.68,1647.39,-5.37
14/2/2023,-1562.58,-664.07,2226.65,1652.76,-12.13
13/2/2023,526.18,-1123.67,597.49,1664.89,0.32
10/2/2023,207.07,-2441.29,2234.22,1664.57,-4.60
9/2/2023,697.22,-3385.30,2688.08,1669.17,-1.17
8/2/2023,-17.06,-3973.07,3990.13,1670.34,-10.15
7/2/2023,250.45,-2685.74,2435.30,1680.49,-1.62
6/2/2023,413.29,-2269.11,1855.82,1682.11,-6.25
3/2/2023,1310.36,-2216.99,906.64,1688.36,5.78
2/2/2023,1866.86,-2663.90,797.04,1682.58,-3.17
1/2/2023,1368.02,-191.91,-1176.11,1685.75,14.29
31/1/2023,826.29,-2894.50,2068.21,1671.46,-9.76
30/1/2023,755.15,-1027.00,271.84,1681.22,-0.08
27/1/2023,129.36,2827.59,-2956.95,1681.30,9.96
26/1/2023,-3060.94,1195.62,1865.32,1671.34,-10.77
25/1/2023,-1092.51,-670.41,1762.92,1682.11,-0.83
24/1/2023,-755.34,-903.28,1658.62,1682.94,-1.10
23/1/2023,-470.73,471.80,-1.07,1684.04,6.79
20/1/2023,-2480.73,-2874.83,5355.56,1677.25,-11.23
19/1/2023,-609.97,1715.01,-1105.04,1688.48,3.04
18/1/2023,-2338.25,1516.24,822.02,1685.44,4.40
17/1/2023,-1268.84,808.29,460.55,1681.04,-3.82
16/1/2023,205.38,363.93,-569.31,1684.86,3.13
13/1/2023,-111.58,517.46,-405.88,1681.73,-5.72
12/1/2023,-400.71,387.78,12.94,1687.45,1.70
11/1/2023,-1885.41,938.78,946.63,1685.75,-5.66
10/1/2023,-2044.02,4299.15,-2255.13,1691.41,0.29
9/1/2023,32.81,4337.19,-4370.01,1691.12,17.26
6/1/2023,-959.06,4494.08,-3535.01,1673.86,10.00
5/1/2023,-1721.07,1277.71,443.37,1663.86,-9.39
4/1/2023,-1709.97,121.17,1588.80,1673.25,-5.72
3/1/2023,349.85,1441.77,-1791.63,1678.97,10.31
30/12/2022,-950.64,4025.37,-3074.73,1668.66,7.46
29/12/2022,-1533.66,8444.71,-6911.04,1661.20,13.92
28/12/2022,-572.14,2664.06,-2091.92,1647.28,4.12
27/12/2022,650.37,4459.60,-5109.97,1643.16,16.36
26/12/2022,1222.85,-34.94,-1187.90,1626.80,9.25
23/12/2022,994.53,303.29,-1297.82,1617.55,0.88
22/12/2022,390.19,-172.48,-217.71,1616.67,6.73
21/12/2022,554.07,1362.87,-1916.94,1609.94,5.50
20/12/2022,-642.02,-1737.29,2379.32,1604.44,-13.76
19/12/2022,-590.59,-807.02,1397.62,1618.20,-0.81
16/12/2022,-2402.89,2310.88,92.00,1619.01,-1.27
15/12/2022,-1340.87,-1267.57,2608.45,1620.28,-13.08
14/12/2022,1932.42,2177.01,-4109.43,1633.36,7.45
13/12/2022,804.80,-32.25,-772.55,1625.91,2.78
9/12/2022,660.08,-168.75,-491.33,1623.13,2.64
8/12/2022,-44.56,-2041.07,2085.62,1620.49,-1.79
7/12/2022,-528.10,1409.86,-881.76,1622.28,-10.69
6/12/2022,472.71,-4348.33,3875.62,1632.97,-8.66
2/12/2022,1599.61,-5168.59,3568.98,1641.63,-6.81
1/12/2022,2820.85,1331.10,-4151.95,1648.44,13.08
30/11/2022,-1090.44,4389.45,-3299.01,1635.36,10.97
29/11/2022,-1389.35,3274.15,-1884.80,1624.39,7.48
28/11/2022,-589.23,666.48,-77.26,1616.91,-3.93
25/11/2022,-586.83,-197.61,784.44,1620.84,-4.12
24/11/2022,-965.55,1955.85,-990.31,1624.96,0.56
23/11/2022,-169.35,2390.32,-2220.96,1624.40,9.07
22/11/2022,-100.89,-284.89,385.78,1615.33,-3.53
21/11/2022,-662.10,1524.00,-861.90,1618.86,1.48
18/11/2022,-185.46,716.65,-531.20,1617.38,2.43
17/11/2022,649.23,-3324.15,2674.92,1614.95,-5.03
16/11/2022,-57.27,-1371.74,1429.01,1619.98,-9.40
15/11/2022,-170.41,-437.79,608.20,1629.38,6.00
14/11/2022,-313.63,-2317.86,2631.49,1623.38,-13.91
11/11/2022,542.75,5336.94,-5879.68,1637.29,18.06
10/11/2022,562.97,1021.10,-1584.07,1619.23,-3.22
9/11/2022,-2322.78,1981.94,340.85,1622.45,-10.16
8/11/2022,-10274.20,3384.76,6889.46,1632.61,9.04
7/11/2022,-1378.40,2365.80,-987.40,1623.57,-2.75
4/11/2022,-301.15,831.95,-530.80,1626.32,0.70
3/11/2022,-1549.24,3029.23,-1479.99,1625.62,0.60
2/11/2022,-148.55,26.19,122.36,1625.02,-0.71
1/11/2022,-280.18,6138.46,-5858.28,1625.73,16.97
31/10/2022,-231.23,4164.85,-3933.62,1608.76,2.69
28/10/2022,-1841.56,2880.53,-1038.98,1606.07,3.74
27/10/2022,-1237.89,2461.51,-1223.62,1602.33,5.87
26/10/2022,-466.10,847.72,-381.62,1596.46,-4.20
25/10/2022,-2071.78,2274.69,-202.92,1600.66,9.34
21/10/2022,14.56,1475.39,-1489.94,1591.32,-1.41
20/10/2022,-312.64,2546.89,-2234.24,1592.73,4.01
19/10/2022,99.83,-76.30,-23.53,1588.72,-1.64
18/10/2022,2512.33,419.62,-2931.95,1590.36,18.96
17/10/2022,2093.83,-2359.54,265.71,1571.40,10.62
12/10/2022,-158.53,-932.08,1090.61,1560.78,-1.90
11/10/2022,-794.65,-363.98,1158.63,1562.68,-7.89
10/10/2022,688.48,-3487.78,2799.29,1570.57,-9.09
7/10/2022,361.51,-3087.21,2725.70,1579.66,-9.52
6/10/2022,-1064.73,377.48,687.26,1589.18,8.91
5/10/2022,-1851.53,226.36,1625.17,1580.27,2.27
4/10/2022,-746.01,-1313.93,2059.94,1578.00,19.95
3/10/2022,-11848.20,2594.90,9253.31,1558.05,-31.46
30/9/2022,-854.76,-1388.95,2243.71,1589.51,-2.86
29/9/2022,-421.55,-2105.36,2526.92,1592.37,-6.86
28/9/2022,-1571.62,-208.48,1780.10,1599.23,-11.35
27/9/2022,-750.28,-1526.22,2276.50,1610.58,-10.67
26/9/2022,7.64,-1918.96,1911.33,1621.25,-10.46
23/9/2022,1271.37,-2736.73,1465.35,1631.71,-13.58
22/9/2022,-1084.10,2306.00,-1221.90,1645.29,11.84
21/9/2022,-1432.70,-1002.31,2435.01,1633.45,-5.14
20/9/2022,764.40,509.25,-1273.64,1638.59,7.02
19/9/2022,-1230.63,-639.43,1870.06,1631.57,1.17
16/9/2022,-1357.89,-815.57,2173.46,1630.40,-11.93
15/9/2022,-347.93,-4459.13,4807.06,1642.33,-14.25
14/9/2022,-1784.97,-1223.71,3008.69,1656.58,-4.51
13/9/2022,1192.17,-567.05,-625.12,1661.09,-4.65
12/9/2022,2146.05,2067.38,-4213.44,1665.74,11.12
9/9/2022,-70.59,1299.52,-1228.93,1654.62,14.62
8/9/2022,1343.56,-1439.27,95.70,1640.00,0.08
7/9/2022,383.53,-2585.32,2201.79,1639.92,6.05
6/9/2022,2811.77,-259.14,-2552.64,1633.87,11.87
5/9/2022,372.34,-2219.56,1847.22,1622.00,-0.15
2/9/2022,-19.00,-2189.22,2208.21,1622.15,0.20
1/9/2022,-1649.90,-3263.85,4913.75,1621.95,-16.98
31/8/2022,-2003.43,3188.72,-1185.29,1638.93,-0.52
30/8/2022,-1123.62,2056.43,-932.81,1639.45,12.93
29/8/2022,-3699.74,-107.03,3806.76,1626.52,-18.26
26/8/2022,-780.04,-666.54,1446.58,1644.78,1.26
25/8/2022,791.40,1872.46,-2663.85,1643.52,11.97
24/8/2022,99.77,1708.74,-1808.51,1631.55,-2.02
23/8/2022,-1459.03,4790.37,-3331.34,1633.57,17.75
22/8/2022,-3190.89,1643.59,1547.30,1615.82,-10.10
19/8/2022,-2819.92,1586.53,1233.40,1625.92,-10.15
18/8/2022,4261.59,6141.06,-10402.70,1636.07,-3.65
17/8/2022,210.32,5701.15,-5911.47,1639.72,9.77
16/8/2022,-2594.67,5004.59,-2409.92,1629.95,4.70
15/8/2022,-2508.06,5774.63,-3266.57,1625.25,2.99
11/8/2022,-666.09,3136.96,-2470.87,1622.26,5.05
10/8/2022,-1807.13,3619.92,-1812.78,1617.21,-1.59
9/8/2022,-818.91,3187.23,-2368.32,1618.80,9.93
8/8/2022,-2747.87,4487.33,-1739.45,1608.87,7.78
5/8/2022,-617.31,901.44,-284.13,1601.09,2.34
4/8/2022,771.83,-1204.66,432.83,1598.75,4.02
3/8/2022,-466.11,-108.08,574.19,1594.73,5.57
2/8/2022,-2317.20,2682.53,-365.33,1589.16,-4.08
1/8/2022,392.95,1853.53,-2246.48,1593.24,16.83
27/7/2022,190.84,2470.34,-2661.19,1576.41,23.23
26/7/2022,-1496.76,410.89,1085.87,1553.18,-7.13
25/7/2022,2012.09,1494.91,-3506.99,1560.31,7.58
22/7/2022,562.75,139.93,-702.69,1552.73,6.42
21/7/2022,-355.65,1703.24,-1347.59,1546.31,6.99
20/7/2022,2173.28,-605.82,-1567.46,1539.32,5.89
19/7/2022,-1550.41,-1562.83,3113.24,1533.43,-11.38
18/7/2022,-369.06,1214.80,-845.74,1544.81,11.44
15/7/2022,-1528.19,-1063.84,2592.04,1533.37,-3.45
14/7/2022,-2723.83,-1468.17,4192.00,1536.82,-9.98
12/7/2022,-1340.71,-439.39,1780.10,1546.80,-10.60
11/7/2022,-1409.21,1830.39,-421.19,1557.40,-0.47
8/7/2022,-1382.01,1709.03,-327.02,1557.87,-4.50
7/7/2022,-77.13,1812.15,-1735.02,1562.37,20.58
6/7/2022,-1381.74,2285.53,-903.79,1541.79,0.49
5/7/2022,-662.33,-3024.70,3687.03,1541.30,-18.97
4/7/2022,-1368.57,-1437.70,2806.27,1560.27,-12.40
1/7/2022,448.02,-747.39,299.37,1572.67,-13.51
29/6/2022,-969.55,293.86,675.69,1586.18,-8.29
28/6/2022,303.45,2641.26,-2944.71,1594.47,14.27
27/6/2022,950.38,1676.09,-2626.47,1580.20,11.44
24/6/2022,2782.05,-1145.32,-1636.73,1568.76,11.15
23/6/2022,1082.02,-2239.90,1157.89,1557.61,-2.41
22/6/2022,402.03,-3585.56,3183.54,1560.02,-14.50
21/6/2022,1542.30,-1545.85,3.54,1574.52,15.31
20/6/2022,1836.52,-2494.48,657.95,1559.21,-0.18
17/6/2022,-926.17,-1611.43,2537.59,1559.39,-1.71
16/6/2022,-488.72,-5799.70,6288.42,1561.10,-32.44
15/6/2022,725.75,-2416.97,1691.23,1593.54,-6.52
13/6/2022,-3573.59,-2597.00,6170.58,1600.06,-32.56
10/6/2022,-210.39,-3860.16,4070.55,1632.62,-8.72
9/6/2022,254.41,1118.80,-1373.21,1641.34,4.45
8/6/2022,124.08,-1351.29,1227.21,1636.89,4.97
7/6/2022,-1589.02,-606.28,2195.30,1631.92,-14.16
6/6/2022,35.72,-1190.68,1154.96,1646.08,-1.59
2/6/2022,572.83,-1936.25,1363.41,1647.67,-12.34
1/6/2022,412.08,-1465.07,1052.98,1660.01,-3.40
31/5/2022,-1061.48,5807.20,-4745.72,1663.41,9.80
30/5/2022,737.05,3672.94,-4409.99,1653.61,14.86
27/5/2022,846.72,1107.81,-1954.54,1638.75,5.02
26/5/2022,-107.46,3387.15,-3279.70,1633.73,8.55
25/5/2022,-1115.29,90.00,1025.29,1625.18,-1.05
24/5/2022,-692.30,191.61,500.69,1626.23,-9.05
23/5/2022,-733.45,2093.72,-1360.26,1635.28,12.33
20/5/2022,-1134.00,3093.50,-1959.50,1622.95,-67.60
21/4/2022,2206.60,977.71,-3184.32,1690.55,10.20
20/4/2022,1250.93,1035.82,-2286.75,1680.35,4.73
19/4/2022,-1022.99,2371.71,-1348.72,1675.62,7.56
18/4/2022,-1208.40,-164.62,1373.02,1668.06,-6.28
12/4/2022,-839.43,743.46,95.97,1674.34,-4.12
11/4/2022,-1184.94,-396.16,1581.10,1678.46,-7.54
8/4/2022,-1592.04,-207.58,1799.62,1686.00,3.59
7/4/2022,-5227.35,-1378.71,6606.05,1682.41,-18.77
5/4/2022,-2074.82,2716.55,-641.74,1701.18,-1.75
4/4/2022,-186.19,730.26,-544.07,1702.93,1.62
1/4/2022,532.29,1875.12,-2407.41,1701.31,6.07
31/3/2022,-29.76,391.36,-361.60,1695.24,-3.16
30/3/2022,-909.94,3301.86,-2391.92,1698.40,8.66
29/3/2022,-778.20,3653.15,-2874.95,1689.74,5.44
28/3/2022,-638.42,3216.69,-2578.27,1684.30,3.41
24/3/2022,-2181.79,2833.27,-651.47,1680.89,2.94
23/3/2022,-230.99,368.10,-137.11,1677.95,0.08
22/3/2022,-3476.11,3621.40,-145.29,1677.87,4.00
21/3/2022,-1177.15,-937.56,2114.70,1673.87,-4.64
18/3/2022,1176.21,-2234.60,1058.38,1678.51,-3.25
17/3/2022,-1395.26,7146.64,-5751.38,1681.76,13.84
16/3/2022,-122.26,6257.03,-6134.77,1667.92,23.56
15/3/2022,-1672.06,-954.98,2627.04,1644.36,-15.79
14/3/2022,-1052.86,933.88,118.98,1660.15,2.14
11/3/2022,-365.24,3483.88,-3118.63,1658.01,10.93
10/3/2022,1439.91,624.53,-2064.44,1647.08,3.44
9/3/2022,5445.07,-3986.45,-1458.62,1643.64,24.54
8/3/2022,-3563.77,2847.61,716.17,1619.10,-7.60
7/3/2022,-9464.69,-2293.61,11758.30,1626.70,-45.02
4/3/2022,-1371.69,-3665.12,5036.81,1671.72,-24.36
3/3/2022,-683.25,2853.39,-2170.14,1696.08,6.27
2/3/2022,-3156.52,2911.16,245.36,1689.81,-4.47
1/3/2022,-116.39,4022.22,-3905.83,1694.28,9.10
28/2/2022,-1303.44,4345.18,-3041.73,1685.18,5.28
25/2/2022,-1017.12,2477.30,-1460.18,1679.90,17.18
24/2/2022,-1892.17,-2983.70,4875.86,1662.72,-28.40
22/2/2022,-3140.16,1340.17,1799.99,1691.12,-3.20
21/2/2022,-2853.71,1466.22,1387.49,1694.32,-18.88
18/2/2022,-416.05,-1777.47,2193.52,1713.20,1.62
17/2/2022,-1634.42,6315.02,-4680.59,1711.58,10.13
15/2/2022,-3205.95,2896.69,309.26,1701.45,16.76
14/2/2022,-2419.43,3652.65,-1233.22,1684.69,-14.51
11/2/2022,-5525.82,5830.73,-304.92,1699.20,-3.80
10/2/2022,-4756.49,8461.13,-3704.64,1703.00,-0.16
9/2/2022,-3892.21,17416.40,-13524.20,1703.16,25.92
7/2/2022,-2169.58,3670.44,-1500.86,1677.24,3.02
4/2/2022,158.57,1563.94,-1722.51,1674.22,5.17
3/2/2022,961.58,-54.09,-907.49,1669.05,1.30
2/2/2022,1321.66,-1194.30,-127.35,1667.75,6.00
1/2/2022,191.10,1301.64,-1492.73,1661.75,12.94
31/1/2022,317.08,663.05,-980.14,1648.81,9.30
28/1/2022,816.14,-1004.75,188.61,1639.51,5.34
27/1/2022,-3218.88,-763.17,3982.04,1634.17,-9.27
26/1/2022,524.46,519.38,-1043.83,1643.44,4.35
25/1/2022,-626.95,3421.04,-2794.09,1639.09,-1.45
24/1/2022,-3448.86,2205.75,1243.11,1640.54,-12.19
21/1/2022,-2176.65,1293.76,882.89,1652.73,-4.23
20/1/2022,2028.43,-2563.83,535.40,1656.96,-1.28
19/1/2022,-3483.78,1046.54,2437.24,1658.24,-2.03
18/1/2022,-2626.73,-2957.10,5583.82,1660.27,-16.60
17/1/2022,-383.93,-1262.64,1646.57,1676.87,4.24
14/1/2022,-484.92,-1059.58,1544.51,1672.63,-7.39
13/1/2022,389.07,1144.03,-1533.11,1680.02,1.52
12/1/2022,-437.50,2288.18,-1850.68,1678.50,11.38
11/1/2022,268.76,1534.32,-1803.08,1667.12,10.06
10/1/2022,-539.69,1370.99,-831.30,1657.06,-0.56
7/1/2022,-1976.17,1797.61,178.57,1657.62,4.59
6/1/2022,-3583.51,-2723.31,6306.82,1653.03,-23.76
5/1/2022,-737.46,3261.07,-2523.60,1676.79,6.51
4/1/2022,-2300.64,6148.01,-3847.37,1670.28,12.66
30/12/2021,-1008.80,3563.00,-2554.20,1657.62,4.29
29/12/2021,-804.94,6131.72,-5326.79,1653.33,11.81
28/12/2021,-1093.03,4489.11,-3396.08,1641.52,5.02
27/12/2021,-1797.30,1402.17,395.14,1636.50,-0.72
24/12/2021,62.89,1321.68,-1384.57,1637.22,-4.25
23/12/2021,-90.47,3591.14,-3500.66,1641.47,14.68
22/12/2021,-72.90,497.21,-424.31,1626.79,4.54
21/12/2021,-842.82,2030.60,-1187.78,1622.25,6.45
20/12/2021,-2811.06,-2905.48,5716.54,1615.80,-25.93
17/12/2021,-1271.95,-15.55,1287.50,1641.73,-3.59
16/12/2021,354.75,4662.56,-5017.31,1645.32,21.66
15/12/2021,-349.80,-1148.19,1497.99,1623.66,-6.98
14/12/2021,-3418.58,3742.65,-324.07,1630.64,4.81
13/12/2021,-670.84,1274.63,-603.79,1625.83,7.60
9/12/2021,-185.66,-602.86,788.51,1618.23,-0.13
8/12/2021,1979.14,-1454.04,-525.10,1618.36,9.08
7/12/2021,2962.78,165.98,-3128.75,1609.28,21.09
3/12/2021,731.05,-316.38,-414.67,1588.19,-3.65
2/12/2021,974.70,-1475.86,501.16,1591.84,1.03
1/12/2021,1113.85,-1730.92,617.07,1590.81,22.12
30/11/2021,-9654.50,-3535.33,13189.80,1568.69,-21.00
29/11/2021,-4439.02,-4370.36,8809.38,1589.69,-20.92
26/11/2021,-6700.39,-6091.21,12791.60,1610.61,-37.85
25/11/2021,-779.32,338.38,440.94,1648.46,-1.36
24/11/2021,-1036.59,2307.07,-1270.49,1649.82,3.40
23/11/2021,-1112.93,-1338.26,2451.19,1646.42,-3.12
22/11/2021,435.72,1738.67,-2174.39,1649.54,4.48
19/11/2021,239.26,-3253.21,3013.95,1645.06,-5.96
18/11/2021,771.83,656.92,-1428.76,1651.02,6.42
17/11/2021,1363.30,-1351.63,-11.67,1644.60,0.59
16/11/2021,1405.56,2400.96,-3806.52,1644.01,5.28
15/11/2021,438.72,-436.95,-1.77,1638.73,4.79
12/11/2021,1270.20,0.81,-1271.02,1633.94,1.50
11/11/2021,606.61,244.91,-851.52,1632.44,1.97
10/11/2021,-337.28,-1576.34,1913.62,1630.47,-1.22
9/11/2021,-1053.11,1990.97,-937.86,1631.69,5.56
8/11/2021,-556.63,2764.79,-2208.16,1626.13,-0.09
5/11/2021,-275.74,-1969.80,2245.53,1626.22,-0.05
4/11/2021,1057.82,4396.30,-5454.12,1626.27,14.35
3/11/2021,85.57,268.87,-354.44,1611.92,-5.97
2/11/2021,1831.89,-580.67,-1251.23,1617.89,4.11
1/11/2021,-562.33,-3586.47,4148.80,1613.78,-9.65
29/10/2021,1085.74,-3003.87,1918.14,1623.43,-0.88
28/10/2021,-516.29,635.60,-119.32,1624.31,-3.30
27/10/2021,-285.17,-2427.63,2712.80,1627.61,-8.36
26/10/2021,-1918.20,80.27,1837.93,1635.97,1.77
25/10/2021,-674.75,-2106.45,2781.20,1634.20,-9.22
21/10/2021,399.40,1974.89,-2374.29,1643.42,5.87
20/10/2021,-2662.04,4580.87,-1918.83,1637.55,7.16
19/10/2021,-2478.26,-1591.57,4069.83,1630.39,-13.53
18/10/2021,-1643.39,3773.87,-2130.49,1643.92,5.58
15/10/2021,-2700.89,3400.29,-699.40,1638.34,-2.63
14/10/2021,-1499.67,1152.00,347.66,1640.97,-2.67
13/10/2021,-2379.14,5069.23,-2690.09,1643.64,10.20
12/10/2021,-1330.63,-193.76,1524.39,1633.44,-5.97
8/10/2021,2531.59,481.36,-3012.95,1639.41,5.69
7/10/2021,1989.67,3133.54,-5123.21,1633.72,14.24
6/10/2021,-633.77,-1263.05,1896.82,1619.48,-4.76
5/10/2021,-469.14,600.21,-131.07,1624.24,9.76
4/10/2021,444.87,-1035.38,590.52,1614.48,9.31
3/10/2021,531.57,2625.72,-3157.29,1605.17,-0.51
30/9/2021,-2575.05,-1160.26,3735.31,1605.68,-11.30
29/9/2021,-2239.26,1111.97,1127.29,1616.98,0.48
28/9/2021,-3993.28,3335.64,657.64,1616.50,-3.52
27/9/2021,159.31,-3909.89,3750.58,1620.02,-11.13
23/9/2021,115.53,3786.59,-3902.12,1631.15,11.56
22/9/2021,1118.71,-1025.19,-93.52,1619.59,4.73
21/9/2021,872.74,684.34,-1557.07,1614.86,11.80
20/9/2021,-5583.47,-277.42,5860.89,1603.06,-22.59
17/9/2021,530.23,-889.41,359.18,1625.65,-6.05
16/9/2021,-47.34,1372.76,-1325.42,1631.70,3.66
15/9/2021,1063.54,-667.14,-396.40,1628.04,4.20
14/9/2021,698.23,350.90,-1049.13,1623.84,-9.92
13/9/2021,1250.00,515.08,-1765.08,1633.76,-1.59
10/9/2021,-491.95,716.27,-224.32,1635.35,6.23
9/9/2021,1280.77,-2369.54,1088.77,1629.12,-11.33
8/9/2021,-3210.10,7512.83,-4302.73,1640.45,4.00
7/9/2021,-1041.90,-867.66,1909.56,1636.45,-11.92
6/9/2021,-1427.09,-991.03,2418.12,1648.37,-1.96
3/9/2021,288.22,1455.32,-1743.54,1650.33,2.58
2/9/2021,772.43,3342.83,-4115.26,1647.75,13.27
1/9/2021,-1486.93,-889.78,2376.71,1634.48,-4.27
31/8/2021,-553.01,3893.75,-3340.74,1638.75,4.98
30/8/2021,1629.10,2067.70,-3696.80,1633.77,22.57
27/8/2021,2383.78,6002.23,-8386.01,1611.20,9.29
26/8/2021,-632.77,-343.54,976.31,1601.91,1.42
25/8/2021,1772.28,3606.64,-5378.92,1600.49,13.51
24/8/2021,1557.37,1358.19,-2915.56,1586.98,4.91
23/8/2021,5557.49,2781.56,-8339.05,1582.07,28.89
20/8/2021,791.08,-2572.55,1781.48,1553.18,8.90
19/8/2021,-1545.99,515.70,1030.29,1544.28,-7.59
18/8/2021,1316.88,-875.06,-441.82,1551.87,7.65
17/8/2021,2330.82,-1065.73,-1265.08,1544.22,12.98
16/8/2021,-305.41,1433.42,-1128.00,1531.24,2.92
13/8/2021,-1861.97,2148.70,-286.73,1528.32,-4.39
11/8/2021,813.58,-3016.72,2203.14,1532.71,-9.91
10/8/2021,1168.53,-1910.08,741.55,1542.62,2.43
9/8/2021,2284.51,-436.05,-1848.46,1540.19,18.47
6/8/2021,-499.83,-2078.31,2578.14,1521.72,-5.94
5/8/2021,578.73,-5047.34,4468.62,1527.66,-18.20
4/8/2021,2154.06,-1917.76,-236.30,1545.86,5.35
3/8/2021,990.42,24.95,-1015.37,1540.51,15.40
2/8/2021,689.09,870.03,-1559.12,1525.11,3.19
30/7/2021,146.75,-707.01,560.27,1521.92,-15.86
29/7/2021,555.41,516.69,-1072.10,1537.78,0.15
27/7/2021,1322.98,-2651.41,1328.43,1537.63,-7.47
23/7/2021,849.95,-2219.68,1369.73,1545.10,-7.26
22/7/2021,2480.42,-10.33,-2470.09,1552.36,11.48
21/7/2021,-146.21,-1261.09,1407.31,1540.88,2.02
20/7/2021,-4348.35,-811.83,5160.17,1538.86,-17.15
19/7/2021,-851.12,-1900.36,2751.49,1556.01,-18.36
16/7/2021,1086.86,1164.58,-2251.44,1574.37,2.36
15/7/2021,-463.97,-2439.58,2903.55,1572.01,2.31
14/7/2021,1105.44,-886.91,-218.53,1569.70,0.00
